,Building Name,BLDG Code,2018-01-30 00:00:00,2018-02-28 00:00:00,2018-03-29 00:00:00,2018-04-29 00:00:00,2018-05-29 00:00:00,2018-06-27 00:00:00,2018-07-29 00:00:00,2018-08-27 00:00:00,2018-09-26 00:00:00,2018-10-28 00:00:00,2018-11-27 00:00:00,2018-12-31 00:00:00,2019-01-30 00:00:00,2019-02-28 00:00:00,2019-03-29 00:00:00,2019-04-29 00:00:00,2019-05-29 00:00:00,2019-06-27 00:00:00,2019-07-29 00:00:00,2019-08-27 00:00:00,2019-09-26 00:00:00,2019-10-28 00:00:00,2019-11-27 00:00:00,2019-12-31 00:00:00,2020-01-30 00:00:00,2020-02-28 00:00:00,2020-03-29 00:00:00,2020-04-29 00:00:00,2020-05-29 00:00:00,2020-06-27 00:00:00,2020-07-29 00:00:00,2020-08-27 00:00:00,2020-09-26 00:00:00,2020-10-28 00:00:00,2020-11-27 00:00:00,2020-12-31 00:00:00,2021-01-01 00:00:00,2021-02-01 00:00:00,2021-03-31 00:00:00,2021-04-29 00:00:00,2021-05-28 00:00:00,2021-06-29 00:00:00,2021-07-29 00:00:00,2021-08-27 00:00:00,2021-09-28 00:00:00,2021-10-28 00:00:00,2021-11-30 00:00:00,2021-12-30 00:00:00
0,Ahmanson Center for Biological Research,ACB,39668.239375,48959.651034482755,32505.007241379313,44916.662068965525,48345.56999999999,70445.0,115746.27000000002,134437.21,81620.5299999999,71322.61000000002,56326.33,31262.05,28874.25,20553.58,32281.690000000002,46413.88413793105,45023.17000000001,57797.64,57797.64,88443.59,107090.94948242189,77295.84741210938,55443.03430175781,28912.816280517578,29053.300000000003,32380.859999999993,24233.72,36387.9,46920.18387096774,59939.316333333336,73411.5,91664.99612903227,95541.85599999999,72089.19677419354,51474.52666666665,29364.987096774203,33846.00774193548,34791.04107142856,32579.133225806454,40908.52133333334,44043.824838709676,66991.71200000001,87388.51935483867,75478.70225806451,75346.944,51742.8870967742,57229.40299999999,25884.36774193547
1,School of Accounting,ACC,9332.9278125,10775.28827586207,11125.72896551724,15751.200000000012,11676.939999999999,9496.009999999998,15751.200000000012,19783.49,25187.390000000003,28771.770000000004,26967.579999999998,21545.240000000005,21123.310000000005,19341.06,22421.120000000003,16276.240000000013,25010.780000000002,22795.17,22795.17,29948.310000000012,40631.5431640625,53636.06945800781,50184.83544921875,47554.85061523437,44222.130000000005,42705.84,37557.96000000001,32874.12,38168.81612903226,38389.18066666667,44769.348387096776,42226.75032258065,56129.85599999999,41931.43548387097,47324.24866666668,35225.9322580645,38024.051612903226,35125.50428571429,31390.834838709678,32059.954333333335,34937.28043094758,32663.992625,31762.288835685475,16895.73677419355,23322.28266666666,30564.96774193548,44709.98400000002,34980.83225806452
2,Bovard Administration Building,ADM,19062.859062500007,13413.38068965517,12808.922068965518,15359.999999999998,21186.430000000004,24662.499999999996,34341.06,39188.89000000001,30183.08,23517.1,20691.210000000006,14589.39,13494.119999999999,10487.8,13110.869999999997,15871.999999999998,13570.95,17591.85,17591.85,29285.16,34464.383576660155,24401.024856567383,15280.106918334961,11688.563666381837,11887.07,15005.16,9972.54,10759.73,15839.874193548387,16811.775333333335,18254.951612903227,21015.67322580645,21654.485333333338,16913.951612903224,13326.016666666665,9923.690322580644,12019.912258064516,11113.680357142857,11267.444838709678,11532.981,12306.065806451612,18471.904000000002,20298.938709677415,21851.74322580645,24803.370666666662,15130.035483870972,15135.493999999999,10593.803225806452
3,Allan Hancock Foundation,AHF,14604.468125000001,21047.619310344824,16368.288620689651,19396.086206896543,19376.01,24056.510000000002,47919.770000000004,61054.340000000004,51964.740000000005,47096.68,41340.4,25306.079999999998,22691.55,16754.559999999998,28282.08,20042.622413793095,25457.699999999997,37024.42,37024.42,45576.32,45906.773959960934,43534.26086425781,34995.479736328125,26909.65066162109,24918.029999999995,33827.130000000005,26915.919999999995,35861.54000000001,23323.04516129032,29937.52666666667,33726.85161290323,45769.77387096775,50855.26399999999,45952.867741935486,65374.066666666666,47801.941935483876,55087.421935483864,59028.52642857145,48431.50612903225,38955.33266666666,36975.79516129032,52932.352,51656.487096774195,53876.546129032264,64720.96,50047.85806451611,59858.238000000005,44794.07419354838
4,Alumni House,ALM,8556.0,7476.0,9176.0,9060.0,10560.0,7598.0,10320.0,5456.0,9360.0,8910.0,7920.0,7424.0,8280.0,7743.0,2610.0,9362.0,9900.0,7598.0,11008.0,5104.0,9360.0,9504.0,7200.0,7888.0,8280.0,8544.0,2610.0,8758.0,9900.0,8122.0,10320.0,5104.0,9984.0,8910.0,7820.0,3360.0,3168.0,2610.0,1421.0,1508.0,9570.0,8384.0,10320.0,5104.0,9984.0,8910.0,7590.0,3360.0
5,Wallis Annenberg Hall,ANN,21971.81667263031,28614.34896551724,19366.672758620694,24286.32413793103,19207.400000000005,24026.739999999998,36957.030000000006,38112.43,28978.330000000005,27211.230000000003,32205.93,21091.02,21441.859999999993,16349.92,23591.49,25095.868275862063,29049.260000000002,31917.72000000001,31917.72000000001,43187.15,50122.759321289064,39960.624084472656,29365.49884033203,21896.990629882814,22669.53,27946.88000000001,21503.810000000005,20306.799999999996,22854.532258064515,25093.301333333333,30215.119354838713,41056.974516129034,71187.46666666666,33856.993548387094,29093.55066666666,18302.641935483876,20630.575483870965,18875.312857142857,16604.707741935486,20364.18666666667,22280.494193548388,32678.592,37636.170967741935,36833.20870967741,50181.18399999999,29320.490322580645,32394.802,15132.493548387098
6,Annenberg School for Comm.,ASC,10492.571709384916,11698.815172413795,12543.711724137931,19309.779310344824,19156.450000000004,30264.959999999995,40543.42,42574.56000000001,34623.01,32609.750000000004,42019.95,35115.189999999995,29136.219999999994,26012.139999999996,25168.269999999997,19953.43862068965,31411.430000000004,36388.80000000001,36388.80000000001,53601.76000000002,53911.57090332031,40104.33706665039,18357.16766357422,12736.805310668944,22825.63,14498.619999999999,9696.849999999999,4023.379999999999,6116.196774193549,21445.045666666665,23883.1935483871,26059.886451612903,26177.770666666664,15181.441935483872,7771.810666666665,2833.848387096774,4793.145806451614,4997.383571428571,5010.89129032258,7897.396000000001,10122.46870967742,22631.946666666667,26810.409677419364,34788.13806451612,36437.813333333324,21009.774193548383,21623.943000000003,11332.548387096773
7,BIEGLER HALL OF ENGINEERING,BHE,2711.2597767925263,3530.780689655172,3117.6379310344832,4924.603448275862,5677.5199999999995,7485.240000000001,17318.77,24281.660000000003,16269.779999999993,12657.130000000001,10194.86,5049.96,7568.6,5160.25,8596.560000000001,5088.756896551724,11210.329999999998,13842.680000000002,13842.680000000002,15277.679999999998,15056.82,12839.93,7619.799999999999,7196.0,7136.7,9356.0,7643.0,10670.0,14582.903225806453,17628.666666666664,16246.451612903224,22214.0,23705.6,16436.129032258064,10887.933333333334,6024.193548387097,6833.548387096775,7174.392857142857,5942.193548387097,8687.433333333332,9696.290322580646,16918.4,19886.129032258064,21282.25806451613,22777.6,14091.290322580644,14844.5,6539.032258064516
8,Bing Theatre,BIT,5649.8487494254105,6299.372413793104,6754.312068965517,10397.575862068967,10315.040000000003,16296.5,21831.079999999998,22924.749999999993,18643.15,17559.100000000002,22626.129999999997,18908.16,15688.750000000004,14006.53,13552.150000000001,10744.161724137932,16913.85,19593.99,19593.99,28862.47,29029.296752929688,21594.643356323242,9884.628971099854,6858.294398345948,12290.76,7806.96,5221.39,2119.71,3293.3322580645163,11547.334666666666,12860.177419354839,14032.239354838706,14095.744000000002,8174.612903225807,4184.844666666668,1525.9451612903226,2580.9135483870964,2690.889285714285,2698.188064516129,4252.424666666667,5450.578064516129,12186.453333333335,14436.358064516124,18732.063548387094,19620.320000000003,11312.951612903225,11643.653999999995,3689.4967741935484
9,University Bookstore,BKS,28628.363156967163,18246.132413793104,21026.06,21225.78620689655,24998.630000000005,25553.979999999996,29717.29,30908.27,25470.33,21879.07,20943.21,18076.539999999997,14978.739999999998,11883.939999999997,17228.100000000002,21933.3124137931,19176.680000000004,19209.269999999997,19209.269999999997,23264.960000000003,29447.05134277343,23661.217529296875,19323.21075439453,23268.460247802734,17571.1,18635.18,12994.34,10617.720000000001,12283.46129032258,18337.440333333336,21238.877419354838,24821.1935483871,27864.693333333336,22493.699999999997,14043.677333333333,8566.354838709678,9819.974193548387,10885.160357142859,8485.240967741936,12023.670666666669,13780.379032258066,21634.165333333334,22537.519354838714,22498.995161290324,25598.88,15216.45483870968,16023.941999999994,5635.567741935483
10,Booth Music Hall,BMH,4444.056401872635,2365.584827586207,4766.9875862068975,5053.448275862069,4940.499999999998,5525.830000000001,9554.560000000001,8741.38,7470.36,6612.719999999999,5581.990000000002,3149.4399999999996,4035.8200000000006,3715.13,4725.67,5221.896551724138,5346.719999999999,3638.2500000000005,3638.2500000000005,5442.759999999998,7179.3267431640625,5578.181854248047,3911.2958602905273,3351.5701153564455,3264.0099999999998,4025.4000000000005,3223.1700000000005,2384.79,4699.122580645162,4568.563,5402.583870967742,5943.718387096775,7107.936,5348.564516129033,4717.8966666666665,1903.5290322580643,2750.007741935483,2833.7867857142855,3080.7167741935486,4932.281333333333,4377.456451612905,6543.754666666664,6699.445161290321,5900.564516129031,6851.039999999999,4724.061290322581,5024.899,2868.658064516129
11,Bridge Memorial Hall,BRI,10369.94364525318,11972.568275862064,12361.902068965515,17501.39999999999,18489.890000000003,19170.100000000002,18429.899999999994,21981.69999999999,27985.94,31968.619999999995,29964.000000000004,23939.18,23470.36,21490.059999999994,24912.370000000006,18084.779999999988,27789.76,25327.98,25327.98,33275.9,45146.173515625,59595.63330078125,55760.92822265625,52838.69176757812,49135.689999999995,47450.950000000004,41731.06,36526.78,42416.922580645165,42654.64633333333,49743.716129032255,46918.60419354838,62366.48533333334,46590.50322580647,52582.54133333332,39212.52580645162,44284.23225806452,36431.508928571435,32095.366451612903,35309.22066666667,39034.83570044733,31780.77752604167,24363.900000000005,22497.98483870968,44953.29066666667,42058.006451612906,49677.79299999999,38867.57419354839
12,Center for Electron Microscopy,CEM,1550.0,1599.1657472418162,2655.534931102228,5100.0,8512.75448466564,8062.0,9973.536366714401,11728.33445036332,11619.206718480042,7409.579586717998,3960.0,1920.0,1500.0,1656.2788096433096,2484.210096837568,5270.0,7980.707329374038,8062.0,10638.438791162029,10971.667711630203,11619.206718480042,7903.551559165864,3600.0,2040.0,1500.0,1827.61799684779,2484.210096837568,4930.0,7980.707329374038,8618.0,9973.536366714401,10971.667711630203,12393.820499712045,7409.579586717998,8738.0,5940.0,3520.0,2900.0,3045.0,3770.0,7714.6837517282365,8896.0,9973.536366714401,10971.667711630203,12393.820499712045,7409.579586717998,8481.0,5940.0
13,Doheny Memorial Library,DML,8823.0165625,7820.120000000001,32745.69551724138,36173.86551724138,40761.219999999994,40144.50999999998,43890.0,52896.01000000001,54982.56999999999,41175.170000000006,107116.57999999999,86622.62999999998,103437.74999999996,72681.64000000001,74513.48999999999,37379.66103448276,85214.33,83023.25,83023.25,92042.8,28885.876529541016,17547.552131652832,18774.16896057129,32869.08524902344,28529.19,11930.939999999999,10491.7,9937.409999999998,2182.4032258064517,2566.0146666666665,2092.683870967742,32399.576451612906,52396.85333333334,34276.054838709686,112120.168,179600.535483871,164027.4787096774,159284.5714285714,83777.23000000003,35716.20666666668,32602.744838709677,41518.975999999995,33577.08387096775,31053.59290322581,34979.56266666667,28748.874193548385,22175.03808746338,13927.586546867125
14,Electrical Engineering Building,EEB,15456.245215415955,16654.206896551725,11442.559655172414,10798.08620689655,2778.66,5973.0,21794.0,43590.979999999996,48014.020000000004,45000.0,47267.0,36261.0,29679.0,23747.0,30436.979999999996,11158.022413793104,32596.67,16214.0,16214.0,25443.0,29457.34,23352.99560546875,17880.004516601562,10456.002227783203,14648.0,17820.989999999998,7408.0,8510.67,16031.612903225807,16593.266666666666,18839.032258064515,25279.58064516129,31400.533333333333,30883.006451612906,30554.791333333334,22108.26774193548,23031.36,19434.142857142855,19932.30494623656,8226.981,14640.324693249118,39578.655999999995,77950.64516129033,101515.9593548387,93143.50933333334,85009.3935483871,85024.59899999999,70663.57741935483
15,Gerontology,GER,14105.869187049864,15132.599999999999,12545.507586206897,21353.131034482758,20206.35,27459.969999999994,48670.89000000001,52595.329999999994,39074.14,29775.079999999998,20667.859999999997,8669.28,7465.869999999999,4286.049999999999,10744.010000000002,22064.90206896552,14489.189999999999,22688.809999999998,22688.809999999998,44162.53,50240.668828125,30410.808715820312,18843.316192626953,9696.891632995608,8740.42,17855.54,16522.260000000002,23637.679999999997,30045.91935483871,34049.501,39636.41612903225,47552.78741935485,59029.770666666656,44104.47096774193,28959.602000000006,10256.25483870968,12164.655483870969,12124.703214285713,5043.745483870968,5093.927333333334,6550.688387096776,26664.533333333336,48683.661290322576,41897.740645161306,47388.384,25232.709677419363,23478.906,4680.832258064516
16,G. F. Salvatori Hall of Records,GFS,14104.54941787243,13618.910344827584,9177.560689655173,15970.375862068966,15001.37,19851.13,21225.420000000006,20994.33,28427.949999999997,21012.64,13721.009999999998,3134.11,6184.52,4169.200000000001,9348.95,16502.72172413793,10756.930000000002,16655.4,16655.4,28381.870000000006,34212.106784667965,22149.839584350586,13802.945114135742,5370.7078579521185,5656.440000000001,9156.340000000002,5833.68,9205.91,13888.016129032258,17692.57833333333,12483.37741935484,13564.151290322578,15441.62133333333,14960.206451612903,18463.813333333335,10562.999999999998,13789.254193548391,11768.645357142857,9487.845806451613,8899.046333333334,13084.774303806134,9263.827270833333,13075.645161290322,13230.782258064515,13325.642666666668,13060.451612903222,16440.094,7017.05806451613
17,"Harris Hall, Quinn Wing, Fisher Galllery",HAR,3522.344448513985,10772.59448275862,15235.901379310342,12339.682758620691,10397.329999999998,10370.949999999999,11416.75,16517.5,14477.660000000002,11991.630000000003,10820.26,8566.390000000001,9596.769999999999,7143.730000000002,10050.63,12751.00551724138,11064.579999999998,10509.789999999995,10509.789999999995,11882.43,12478.059999999998,12183.710000000001,9395.32,9636.470000000001,4074.379999999999,7110.099999999999,5161.56,6763.999999999999,7832.8064516129025,7668.118666666666,8446.132258064517,9344.623225806454,10214.261333333334,9665.690322580645,7426.472666666666,5144.690322580646,5412.294193548387,5028.6725,4510.96870967742,6538.533333333333,7456.528998922533,6900.541049072266,5633.153620886034,12497.521935483868,32533.81333333333,21903.88064516129,13341.822999999997,5344.229032258064
18,Hedco Chemical Engineering,HED,3670.3399536418915,2527.048275862069,7817.430344827587,6497.606896551724,5310.409999999998,3881.2799999999997,1834.3200000000004,2486.5600000000004,5409.3099999999995,3835.9800000000005,9270.349999999999,7966.049999999998,3502.56,6257.280000000001,8399.509999999998,6714.193793103449,9157.199999999997,8879.98,8879.98,5773.509999999999,7782.112540893557,8075.762540893556,5944.092540893553,5373.551545410155,3394.4999999999995,7537.599999999999,5626.909999999998,5534.7699999999995,8727.3,8626.029,8787.290322580646,7641.079032258065,8706.815999999999,5459.496774193549,5136.901333333333,3240.07741935484,3671.845161290323,4079.730357142858,3555.362580645161,4250.075666666667,4820.155483870968,6342.304,5181.203225806451,4654.537419354839,5249.045333333334,4879.461290322581,5471.334000000001,2840.1
19,Heritage Hall,HER,13009.112348594666,6637.921379310345,13075.885517241377,18944.368965517246,19631.28,29405.939999999995,50696.33999999999,57323.52,41623.38999999999,30570.979999999992,22490.23,11729.170000000002,11375.12,8311.580000000002,14710.270000000002,19575.847931034485,20162.42,30487.11999999999,30487.119999999995,44688.36,47409.60314941405,28748.343688964844,18547.30160522461,10263.654594726562,10673.74,14502.179999999998,10510.360000000002,16288.890000000001,21673.91612903226,24894.25033333333,30960.512903225805,34113.14903225807,35953.50399999999,32093.874193548385,18463.597999999998,9615.832258064516,11712.732903225804,10402.403571428573,8962.852258064517,13554.628999999999,17253.849354838712,32125.898666666664,41577.154838709685,38514.06741935484,35976.61866666667,18410.651612903224,17011.885,5164.470967741937
20,Hedco Neurology,HNB,48865.42902870179,28574.43448275862,29958.52827586207,42987.48620689655,35284.19,59832.76000000001,91364.06000000003,96917.57999999997,76874.23000000001,60632.770000000004,48372.54999999999,28116.639999999996,31270.400000000005,21383.829999999998,69396.43,44420.402413793105,127319.06999999998,161317.16999999998,161317.16999999998,223654.51000000004,206683.01494140617,104080.28271484375,68157.88018798828,28848.72302246094,40883.01000000001,61012.01000000001,48910.259999999995,78477.0,95961.22258064515,117232.018,167769.69677419352,187789.46258064525,229430.07999999996,158570.16774193553,147661.28599999993,98245.15161290324,89152.94967741935,63594.90785714286,58057.78483870969,92335.02366666665,90340.74387096774,160914.94400000002,188671.0064516129,173455.02451612902,197822.76266666668,138197.60322580644,129568.73600000003,63491.51612903225
21,Hoffman Hall,HOH,14863.579239606857,17160.65931034483,17718.723448275858,25085.400000000005,26757.760000000006,24249.220000000005,25085.400000000005,31507.15,40113.21,45821.72000000001,42948.38000000002,34312.78999999999,33640.85,30802.439999999995,35707.71000000001,25921.580000000005,39831.98,36303.44000000002,36303.44000000002,47695.469999999994,64709.488046875,85420.40551757812,79923.9951171875,75735.4966796875,70427.86,68013.01999999999,59814.5,52355.069999999985,60797.59354838709,61138.32400000001,71299.33548387096,67250.01774193547,89391.96799999998,66779.70967741935,75368.28733333331,55990.34516129033,64956.85161290323,57135.737857142856,52258.56129032259,50609.90099999998,55949.92546166205,42390.95065104167,29194.664516129033,27071.649677419347,32533.81333333333,35418.987096774195,52141.121999999996,56641.596774193546
22,International Residence College,IRC,24083.4091091156,40042.77103448276,19675.91379310345,24825.04137931035,23119.390000000003,24523.399999999994,29287.789999999997,38927.030000000006,34640.63,29550.13999999999,30932.409999999993,30991.669999999995,29391.719999999994,27495.479999999996,27455.959999999992,25652.542758620693,26916.120000000014,38105.009999999995,38105.009999999995,37717.990000000005,50028.04,51611.9375,47576.96875,48877.0,45634.0,53352.0,40219.0,26515.0,27634.67213114754,28555.82786885246,27634.67213114754,26713.516393442624,29476.983606557376,27634.67213114754,31319.29508196721,27634.67213114754,14482.58064516129,13124.838709677419,21850.106129032258,17137.984999999997,18566.492258064518,31839.978666666666,38249.032258064515,42816.14258064516,63721.6,37796.13870967741,42463.3,19358.709677419352
23,Int' Residence College Kitchen,IRC-K,,,,,,,,,,,,,,,,,,,,,,,,,,,,,17793.44262295082,18386.55737704918,17793.44262295082,17200.32786885246,18979.67213114754,17793.44262295082,20165.90163934426,17793.44262295082,12097.6,11355.001785714287,9693.483870967742,11500.365666666668,12112.589032258065,20271.98933333333,24565.161290322583,31221.764838709674,51402.666666666664,30707.419354838712,34809.5,16450.645161290322
24,Iovine & Young Hall,IYH,0.0,0.0,0.0,0.0,0.0,0.0,0.0,0.0,0.0,0.0,0.0,0.0,0.0,0.0,0.0,0.0,0.0,0.0,0.0,0.0,20760.22,13741.630000000001,8765.52,5709.2300000000005,4327.7300000000005,6358.760000000001,3343.49,4458.42,3990.8612903225808,9221.807666666668,11755.722580645162,14750.653548387098,17819.573333333337,12653.922580645163,9036.440666666664,9442.596774193547,9004.851612903225,7666.2535714285705,5730.353225806451,6911.338,4737.337096774194,7826.101333333333,12887.806451612902,10400.915483870966,11244.671999999997,4590.909677419356,4722.432000000001,1799.3999999999999
25,Jill & Frank Fertitta Hall,JFF,14495.40415687561,13020.0,12031.206896551725,18241.03448275862,14798.67,21263.0,35831.0,44586.69,41754.0,35286.0,28136.0,9510.0,11680.0,5994.0,13693.0,18849.068965517243,16435.0,25326.0,25326.0,38005.0,51519.0,37216.0,28901.0,19169.0,19579.0,23348.0,16284.0,11795.01,14549.032258064515,5887.933333333333,7929.677419354838,24442.322580645163,30729.6,17067.09677419355,11162.2,5992.258064516129,6968.774193548387,6677.25,5005.774193548387,7648.266666666667,12760.935483870968,26176.0,37287.09677419355,37693.45161290323,48086.4,27265.161290322583,37582.6,9737.419354838708
26,John Hubbard Hall (SAS),JHH,775.0,672.0,1271.0,2100.0,2528.0,2494.0,4170.0,9889.0,3300.0,2430.0,1353.0,640.0,750.0,696.0,1189.0,2170.0,2370.0,2494.0,4448.0,9251.0,3300.0,2592.0,1230.0,680.0,750.0,768.0,1189.0,2030.0,2370.0,2666.0,4170.0,9251.0,3520.0,2430.0,2516.0,1830.0,1280.0,1450.0,1566.0,1798.0,2291.0,2752.0,4170.0,9251.0,3520.0,2430.0,2442.0,1830.0
27,Popovich Hall,JKP,24954.471088752744,19175.81931034482,13251.912068965521,19055.441379310338,18329.990000000005,25777.79,34466.24,37012.09000000001,38937.83000000001,33923.24,28802.599999999995,18154.88,16424.780000000002,10893.54,18991.270000000004,19690.622758620684,25025.539999999997,29174.93,29174.93,35218.61,43542.01631347655,32226.602294921875,18848.17835998535,10112.706369628902,7709.000000000001,10647.859999999999,4321.400000000001,646.8199999999999,1681.9064516129033,7766.812333333333,4704.522580645161,10283.596451612904,15255.253333333336,6726.648387096775,3345.214666666667,887.0612903225808,213.04774193548386,230.27035714285714,201.48451612903222,920.6436666666667,7102.558387096773,11689.354666666664,20336.129032258064,24087.661935483873,33214.655999999995,18899.796774193554,19920.34,9756.087096774192
28,John Mckay Center,JMC,33328.71300813674,24925.078620689645,27157.913448275856,42108.03103448275,43350.84,58349.69999999999,90499.81,125229.20000000001,177372.19,171081.7,4151.66,34912.28999999999,44574.61,28084.179999999997,44053.07,43511.63206896551,48629.939999999995,71716.36,71716.36,97909.61000000002,123775.90774414066,73242.60748291016,53593.99230957031,35329.77250000001,32719.73999999999,41837.159999999996,22439.420000000006,15639.039999999999,130754.06129032258,161904.0926666667,96807.9,93442.96741935487,117198.52799999999,90916.57741935484,16776.688000000002,19638.416129032263,28545.75483870968,28806.248928571425,15076.641612903226,25049.523333333334,30094.282258064515,60826.97600000001,81769.18064516128,93937.81032258063,139617.1306666667,139202.70967741933,123393.21500000003,89891.53548387099
29,Kaprielian Hall,KAP,27098.404799938202,24362.10482758621,28242.18655172413,36868.46896551723,35484.47000000001,28980.75,65205.81,57734.8,63402.51000000001,52644.19,5231.390000000003,22271.75,9555.439999999999,25519.89,35061.48999999999,38097.41793103447,40795.53,48502.70999999999,48502.70999999999,56300.19,66202.71952148437,52809.34552001953,45879.23077392578,36261.727368164065,15345.160000000002,540.6500000000001,343.24,28206.230000000003,37161.116129032256,41127.762,52497.35806451613,60958.467741935485,63399.79733333333,50878.9935483871,68540.31666666668,39907.48064516129,28920.578064516125,26810.800357142864,18505.704516129033,27910.866333333335,29210.072258064512,29630.61333333333,30792.1935483871,21624.5235483871,74877.83466666666,43020.83225806452,50851.911,18618.677419354837
30,Glorya Kaufman Intl. Dance Center,KDC,5659.849946613311,9184.0,5626.681724137931,8144.493103448276,10046.0,18256.0,22405.0,22898.0,21270.0,16272.999999999998,10462.0,4292.0,5256.0,2381.0,5286.0,8415.976206896552,7823.0,14118.0,14118.0,20917.0,25143.0,14633.0,8992.0,4083.336687011719,2308.67,3966.68,3780.0,6047.0,11017.741935483871,12247.066666666666,13488.387096774193,17022.064516129034,21093.333333333332,16303.548387096776,5251.866666666667,1805.8064516129032,2604.3870967741937,3033.607142857143,2392.967741935484,5538.033333333334,9913.322580645161,16184.533333333333,18411.290322580648,17400.0,23861.333333333332,14337.096774193547,15057.9,2425.161290322581
31,Musick Law,LAW,33204.21150440216,32709.3972413793,31725.74206896553,44063.63793103448,42067.23,57364.310000000005,72043.06,77823.5,68451.49999999999,58325.15000000001,51914.91000000001,23753.680000000008,24001.7,11946.849999999999,26807.300000000003,45532.425862068965,36605.649999999994,42276.85,42276.85,46426.499999999985,65489.89090820312,49394.93444824219,47269.13903808594,83680.34725097656,63247.229999999996,29352.160000000003,18707.300000000003,30614.53,37866.948387096774,42785.507666666665,37445.15806451613,41661.6806451613,44396.83199999999,33721.548387096766,27331.783999999996,17697.077419354835,18288.59870967742,20320.558928571427,23186.865806451613,23707.519333333323,21721.64548387097,38142.52800000001,57349.70322580646,45287.88741935483,49354.026666666665,60615.793548387104,47735.6,19678.509677419355
32,Loker Hydrocarbon,LHI,5297.6241081714625,2091.9668965517244,5093.3,13117.313793103447,10145.929999999997,11968.5,11618.290000000003,11914.269999999999,10039.949999999999,9762.040000000003,12140.48,20097.970000000005,13074.130000000001,13397.750000000004,12992.07,13554.557586206896,12522.319999999998,15716.530000000004,15716.530000000004,14959.570000000002,19726.406579589842,13907.845001220703,9218.105331420898,7618.3838085556035,5418.85,13917.119999999997,12569.519999999999,17755.15,20260.335483870967,15233.431,14066.274193548386,12813.59387096774,16416.053333333337,11057.641935483873,6295.372,3047.1483870967745,3978.147096774194,3629.6917857142853,3702.4019354838706,5796.655333333332,6386.866451612903,9372.992,8818.422580645163,9216.920322580645,11527.01866666667,8441.845161290323,8092.578999999998,1268.4967741935484
33,Stabler Memorial Laboratories,LJS,3100.0,4200.0,6200.0,7620.0,9099.526141964585,12554.158639346111,18005.56875061793,22516.770977681634,19654.75606086754,6503.907971759837,5940.0,2880.0,3000.0,4350.0,5800.0,7874.0,8530.805758091798,12554.158639346111,19205.940000659128,21064.076075895722,19654.75606086754,6937.501836543826,5400.0,3060.0,3000.0,4800.0,5800.0,7366.0,8530.805758091798,13419.962683438947,18005.56875061793,21064.076075895722,20965.073131592046,6503.907971759837,6426.0,3360.0,3136.0,2610.0,2900.0,3335.0,8246.445566155406,13852.864705485365,18005.56875061793,21064.076075895722,20965.073131592046,6503.907971759837,6237.0,3360.0
34,Marcia Lucas Post Production,LPB,16162.882529983523,11422.358620689656,16270.029310344824,22667.12068965517,26570.17,32389.399999999998,40287.88,44794.40999999999,40896.73,36519.15,44982.91000000001,40825.84999999999,38254.36,27949.510000000006,27656.279999999995,23422.691379310345,32779.19,34451.600000000006,34451.600000000006,27924.93,26243.43692504883,21538.201550292968,17943.160775146487,19431.55,21030.22,18016.730000000003,12217.69,14631.45,17427.9,18844.91033333333,16951.751612903226,20524.160645161293,25490.303999999996,23687.73870967741,14806.444666666668,9809.690322580647,10519.205161290323,11561.626785714288,12535.55870967742,15338.767000000003,16050.265161290325,23807.11466666666,21190.712903225805,29832.552580645162,35042.76266666666,17092.354838709678,23415.172,7383.987096774194
35,Loker Track Stadium,LTS,393.73875,378.3958620689654,442.57310344827584,847.3137931034481,835.28,1326.4299999999998,2766.5099999999993,2575.78,1378.35,900.9399999999999,520.34,54.89,3.8600000000000003,0.0,137.47000000000003,875.5575862068964,197.94000000000003,756.0,756.0,696.79,1104.63,430.203125,225.32942712306976,32.48890625,14.21,42.5,2.1,220.65,640.9258064516129,966.7556666666668,1508.9032258064517,2020.3551612903227,1695.5733333333333,1255.7612903225806,409.19,71.07096774193549,14.038709677419355,80.09178571428572,107.62741935483871,112.29766666666664,175.2348387096774,95.47733333333332,48.387096774193544,155.5709677419355,136.68266666666665,97.98387096774194,107.448,4.529032258064516
36,Mudd Hall of Philosophy,MHP,4669.145618104935,14279.922758620693,20196.435862068964,15749.286206896548,13782.529999999997,13880.06,14659.949999999997,21895.27,19191.34,15895.920000000002,14343.13,11355.44,12721.32,9469.59,13322.919999999998,16274.2624137931,14667.020000000004,13931.59,13931.59,15751.16,16388.381978149417,15757.44317817688,10241.081002197265,6209.840000000001,5400.919999999999,9425.03,6842.070000000001,8966.200000000003,10383.029032258064,10164.714,11196.03870967742,12387.00387096774,13539.872,12812.641935483874,9844.41666666667,6669.861290322578,7829.4193548387075,7137.625,6307.406451612904,8667.326666666668,9884.24025082742,7594.684588704428,6562.490130172237,6080.671218404462,7869.10725406901,5815.974775941911,7043.762000000001,6444.638709677417
37,Music,MUS,11206.766833152771,5965.371034482758,12021.126551724139,12743.400000000003,12458.639999999998,13934.729999999998,24094.06,22043.529999999995,18838.309999999998,16675.57,14076.340000000002,7941.969999999999,10177.27,9368.609999999999,11916.98,13168.180000000002,13482.999999999998,9174.649999999998,9174.649999999998,13725.26,18104.390429687497,14066.718627929688,9863.267333984375,8451.808110351561,8231.0,10151.0,8127.960000000001,6013.91,11849.961290322579,11520.726333333332,13623.9,14988.565806451614,17924.36266666667,13487.651612903226,11897.35933333334,4800.203225806452,6934.833548387096,7145.993571428572,7768.772580645163,12437.97433333333,11038.849999999999,16501.631999999998,16894.267741935488,14879.712903225807,17276.586666666662,11912.91290322581,12671.494000000006,7234.054838709678
38,Norris Cinema Theater,NCT,3974.7369159698487,4157.893793103448,3525.245172413793,3833.5448275862063,5259.349999999999,6744.079999999998,9952.69,13888.160000000002,11528.21,7482.250000000001,5170.35,3135.0700000000015,2833.5499999999993,2637.4700000000007,3803.04,3961.329655172413,4552.169999999999,5708.19,5708.19,10331.480000000001,11383.725888671874,5214.171447753906,2718.647304534912,2192.6447058105464,2060.419999999999,3016.89,1804.7,1557.8999999999996,2448.9870967741936,3225.9840000000004,3521.6709677419353,4817.573548387097,7054.133333333336,6236.6903225806445,4123.576666666667,2343.3967741935485,2218.425806451613,2338.8499999999995,2221.0445161290318,3979.4959999999996,4938.606451612903,8988.117333333334,5742.44516129032,8673.03935483871,11250.880000000003,7088.7,7479.923,3609.7451612903224
39,Moulton Organic Chemistry Wing,OCW,1705.0,2100.0,3100.0,3450.0,3840.0,3625.0,4500.0,5735.0,5787.995608549649,4920.0,3630.0,1760.0,1650.0,2175.0,2900.0,3565.0,3600.0,3670.2400000000002,4800.0,5365.0,5787.995608549649,5248.0,3300.0,1870.0,1650.0,2400.0,2900.0,3335.0,3600.0,3923.36,4500.0,5365.0,6173.861982452959,4920.0,4760.0,2940.0,2688.0,2320.0,2581.0,2784.0,3480.0,4049.92,4500.0,5365.0,6173.861982452959,4920.0,4620.0,2940.0
40,Olin Hall ,OHE,70118.3575,15504.044137931032,95009.09931034484,106886.95862068965,94066.86000000002,117373.18,197512.15000000002,231293.93,203408.67999999996,205606.29,199216.37000000005,161400.61999999997,155522.39,108761.50999999998,143724.43000000002,110449.8572413793,53835.110000000095,46079.88999999997,60079.89,56560.56000000016,47442.6641796873,60100.60888671872,37749.6584472657,16573.265583496093,15307.489999999998,19540.11,13508.58,9043.7,11361.145161290322,15445.998,31189.180645161294,41298.03935483871,43579.62666666667,40635.048387096766,29327.94666666666,15956.032258064513,19578.188387096776,17224.456785714287,17174.426774193544,18446.552000000003,18133.23225806452,31522.45333333333,33560.10967741934,36516.04225806452,40205.90933333334,27031.354838709674,35969.967000000004,16346.177419354839
41,Neely Petroleum & Chem. Engr.,PCE,8441.7746875,5812.230344827588,17980.07482758621,14944.468965517242,10242.55,10028.16,12516.489999999998,5719.1,12441.42,8822.74,21321.789999999997,18321.940000000002,8055.9,14391.88,19318.9,15442.617931034485,21061.510000000006,10333.670000000002,10333.670000000002,18085.899999999998,17588.696410522465,13802.510000000002,14597.49,12950.26,7807.28,17336.510000000002,12941.890000000003,12730.050000000001,20072.787096774195,19839.876,20210.77741935484,17574.53322580645,20025.706666666665,12556.819354838713,11814.841333333334,7452.116129032259,8445.274838709678,9383.37464285714,8177.317096774193,9775.175000000001,11086.344516129035,14587.328,11916.764516129037,10705.35,12072.746666666666,11222.767741935484,12584.055,6532.238709677419
42,Powell Hall of Information Sciences,PHE,19568.953437499993,14745.823448275862,17993.736206896545,24616.965517241377,25014.63,34031.02,59723.40000000001,68532.23,51178.79,38597.96,36313.259999999995,19837.199999999997,23801.46,20726.359999999993,26976.319999999992,25437.531034482756,21226.259999999995,22747.290000000005,22747.290000000005,36082.3,44027.79522949221,22607.979583740234,17326.375701904297,9474.841766357418,10907.59,15320.320000000002,12477.69,17549.32,23648.438709677423,25958.252999999997,33031.70322580646,39391.84129032258,44207.63733333334,33471.05806451614,24118.342,13157.070967741935,13067.437419354841,12036.78142857143,11339.692258064515,18377.75433333333,19807.991612903224,32242.015999999992,39015.25161290323,32468.85838709677,37015.68,23005.141935483876,26110.172,8044.238709677419
43,Parkside Resedential Building,PRB,46943.454999999994,38338.449655172415,49825.82965517241,52327.055172413806,45881.29000000001,40709.030000000006,55793.39999999999,62659.509999999995,60831.78000000001,55994.58,55840.909999999996,53871.990000000005,152795.44,245210.6600000001,46892.39999999999,54071.2903448276,43241.48999999999,37625.96000000001,37625.96000000001,48383.61,59629.47474121094,54386.04382324219,48317.79931640625,50984.7239794922,42488.67999999999,51307.56999999999,39562.22,28748.88,36928.89677419355,33275.183000000005,36554.651612903224,32995.64806451613,37057.13066666667,30534.41612903226,28345.199333333338,19082.29354838709,20163.30322580645,21476.240000000005,18354.55838709677,18115.130333333334,18635.194193548385,28759.871999999996,33675.88064516129,39049.17354838709,54562.282666666666,41360.21612903225,49626.61,28251.66774193548
44,Lewis Hall,RGL,7236.484999999999,6584.547586206896,7543.18724137931,11432.12068965517,11572.58,15737.010000000002,16908.430000000004,17816.050000000003,1818.0,11207.319999999998,2985.8900000000003,284.96999999999997,2978.53,1010.5400000000001,5942.490000000001,11813.191379310343,7327.590000000001,11428.880000000003,11428.880000000003,17190.379999999997,19709.599782714842,15071.213745117188,10130.034927368164,2039.0444363880156,3065.9100000000003,6201.85,3396.5100000000007,7722.650000000002,13394.032258064515,13652.193333333333,13914.445161290323,15961.936774193544,13613.429333333333,10098.387096774193,6747.719333333333,2781.9870967741936,4138.776774193549,1962.3678571428568,1780.7029032258065,4104.244333333332,5171.018064516129,10340.384,12056.264516129031,11477.02129032258,10972.469333333334,7481.816129032258,11683.408,4297.083870967742
45,Ramo Hall of Music,RHM,3671.1846875000006,1954.168275862069,3937.962068965517,4174.562068965517,4081.27,4564.81,7892.8899999999985,7221.160000000001,6171.170000000002,5462.659999999999,4611.220000000001,2601.690000000001,3333.9499999999994,3068.98,3903.8199999999997,4313.714137931034,4416.849999999999,3005.4899999999993,3005.4899999999993,4496.200000000001,5930.71772644043,4731.609062194824,3231.0704193115234,2768.687482452393,2696.369999999999,3325.3600000000006,2662.5899999999997,1970.0699999999995,3881.883870967742,3774.033,4463.003225806452,4910.064838709678,5871.807999999999,4418.370967741936,3897.3859999999986,1572.483870967742,2271.7729032258067,2340.931785714286,2544.927741935484,4074.519333333334,3616.1877419354832,5405.696000000001,5534.332258064516,4874.376129032259,5659.552000000001,3902.5258064516124,4151.014999999999,2369.7870967741933
46,Molecular Biology,RRI,92234.67781249998,72188.36413793103,63488.06413793103,88991.82413793102,93087.02,129673.45,249407.99999999994,291652.7799999999,210401.41,145626.2,107282.56,45742.51999999999,46052.94,17639.149999999998,58144.93000000001,91958.21827586206,68690.56,139997.5,139997.5,214229.53999999998,251320.57806640628,165669.66625976562,95396.98309326172,49752.16059661864,63172.56,72755.58,40076.979999999996,81820.29,127593.67741935483,161490.76966666666,199064.81612903226,243231.84967741938,260168.3306666667,208295.1193548387,107432.5653333333,45229.26774193548,55512.2064516129,54804.676428571416,40525.694516129035,89823.66233333331,114701.10870967744,215315.17866666673,257306.0032258065,226153.72161290317,243680.672,160159.77096774196,165737.39599999998,51599.874193548385
47,Tutor Engineering,RTH,61087.515,57070.063448275876,52421.83379310345,66209.08965517244,70325.04,92661.70999999999,154008.58,168797.08,124876.47,107443.04999999997,85906.42,54214.02,48731.19,33763.69,59424.36999999999,68416.05931034485,92747.65000000001,110183.26,110183.26,134290.97,148567.59447265623,111464.58203125,92019.81298828125,73387.5401196289,72713.65000000001,87175.6,75632.9,85578.57,114655.59677419355,130565.58299999998,135822.735483871,146926.7412903226,183820.49066666668,147966.57096774192,104423.67866666667,67735.06451612903,84967.60774193548,86920.00142857143,73220.11677419355,87494.45,79340.81000000001,96324.56533333332,151626.45483870964,134123.83064516127,146456.85333333336,109362.51290322578,127686.21799999998,65761.40322580645
48,Salvatori Computer Science Center,SAL,7400.707499999999,12370.342068965521,8047.835172413791,10820.399999999998,9412.81,10035.960000000001,20143.370000000003,23634.610000000008,16547.109999999997,13336.2,9406.229999999998,4768.51,5025.280000000001,3710.299999999999,5817.839999999999,11181.079999999998,5849.1100000000015,8912.130000000001,8912.130000000001,18944.31,25111.254248046884,16859.581329345703,12695.831939697266,7358.129848937987,7493.61,11115.38,6073.27,8777.51,9876.125806451613,10363.031333333334,10763.254838709678,15192.60419354839,20404.991999999995,15673.035483870966,6783.600666666668,2957.758064516129,2911.3703225806453,3814.5667857142857,3406.414838709677,3973.7539999999985,4115.053225806451,8505.781333333334,17159.129032258068,14374.757419354837,18114.336000000003,11427.88064516129,11134.871000000001,3891.7838709677417
49,Cinematic Arts,SCA,18415.4434375,44752.77655172413,31149.36655172414,24056.731034482767,18477.659999999996,18973.11,39351.7,48036.77000000001,48581.280000000006,36493.08999999999,34554.82000000001,19034.88,36125.08,9341.019999999999,14744.42,24858.622068965524,18716.47,31928.359999999997,31928.36,52109.049999999996,79740.74645507812,64863.4619140625,35712.45300292969,2838.650201416015,24824.190000000002,93979.72000000002,38873.719999999994,66199.23000000001,37890.13548387097,39454.619666666666,42445.76129032258,39363.57096774193,44475.114666666654,30533.661290322576,17822.17666666667,5983.819354838708,9894.565161290322,6204.146071428572,3950.258387096774,6944.272333333334,18840.327096774192,28541.290666666675,43837.01612903226,42582.1406451613,74949.26933333333,54808.441935483876,32818.653999999995,12570.81290322581
50,Cinematic Arts B,SCB,8657.8059375,9296.849655172415,8463.08551724138,10654.034482758621,10320.669999999998,12296.770000000002,18941.6,15419.759999999998,10158.580000000002,7139.63,4009.2700000000004,3828.2899999999995,5879.540000000001,8814.029999999999,8442.060000000001,11009.168965517243,13215.399999999998,14991.33,14991.33,15404.029999999999,17454.365405273442,13443.367004394531,9672.327926635742,6209.508183288576,4386.1900000000005,8432.69,5706.609999999999,3836.2100000000005,3399.7548387096776,5522.257333333333,8300.96129032258,12581.275806451615,26724.032000000007,17698.741935483868,6316.656000000001,3306.754838709677,3662.6683870967736,3385.3564285714297,3079.3977419354837,3373.628,3966.9941935483866,6566.5493333333325,8851.838709677417,12143.282258064519,16940.693333333333,10250.506451612904,10341.011999999999,4066.4419354838706
51,Cinematic Arts C,SCC,934.8437499999999,1039.5627586206897,1544.7941379310344,1554.6413793103445,744.6800000000002,364.82,2232.99,1560.8400000000004,941.42,595.2400000000001,874.74,316.06000000000006,314.62000000000006,137.79,530.76,1606.4627586206893,734.8700000000002,378.67999999999995,378.67999999999995,4709.51,5808.9417413330075,4409.040962219238,2970.3769340515137,1659.982823371887,2181.2000000000003,2591.5200000000004,1566.37,954.77,925.0645161290323,1042.6023333333335,1674.183870967742,1954.6000000000006,2151.7013333333334,1611.2225806451613,1294.7879999999998,847.8774193548386,1111.6593548387098,1158.498214285714,1023.9245161290322,1237.2656666666662,880.3090322580646,1641.4506666666666,5888.4,5025.12935483871,4901.909333333334,3989.883870967742,3678.718999999999,1580.467741935484
52,Cinematic Arts E,SCE,1678.6596875,1067.6882758620686,2017.6617241379304,2273.244827586207,1666.6500000000003,2046.29,5527.450000000001,5132.81,4617.11,3939.9799999999996,3104.1699999999996,2122.52,2431.59,4035.17,1222.2600000000002,2349.019655172414,1268.54,1966.6200000000003,1966.6200000000001,3443.1800000000007,6700.134318237305,4939.576030731201,2571.0039463043213,542.0068070411683,884.4399999999999,2148.52,910.82,301.74,908.4,1589.4423333333334,3587.2741935483873,4249.089354838709,6016.2773333333325,4163.709677419354,1721.7486666666668,821.6516129032258,924.8722580645164,920.8328571428572,786.3770967741934,1280.35,1208.2990322580647,2502.7840000000006,5790.67741935484,5190.410645161291,6048.810666666664,3313.577419354839,3622.7950000000005,511.2967741935483
53,Cinematic Arts I,SCI,13961.683125000001,18040.525517241378,12777.35551724138,16554.031034482763,15093.800000000001,19930.399999999998,31344.389999999996,22916.489999999998,24067.800000000007,22576.789999999994,20992.67,10960.689999999999,11592.1,7849.63,11396.509999999998,17105.83206896552,12906.330000000004,17440.68,17440.68,25376.920000000002,30405.806293945316,24841.62420654297,17498.353912353516,11566.989368896484,11722.38,13936.989999999998,9418.61,7758.76,8596.674193548388,9109.174333333334,14570.429032258065,18543.40451612903,28062.03733333333,20747.312903225815,10571.042000000003,6789.077419354839,7690.560000000002,7055.202857142855,6293.56129032258,8096.326333333333,7996.441290322579,11974.442666666668,16249.558064516132,18934.530322580646,32265.493333333332,24101.264516129035,22155.066999999992,8873.96129032258
54,Cinematic Arts D,SCX,3075.3065625,2485.6372413793106,1868.754827586207,2866.2000000000003,2648.47,4217.610000000001,7001.170000000002,6945.05,6704.929999999999,4926.82,3333.4600000000005,1727.5500000000002,2212.76,1551.01,2389.33,2961.7400000000002,3372.140000000001,4249.19,4249.19,6577.820000000001,7059.841890258791,4367.449066162109,3182.3796768188477,1999.3287821102144,2289.04,2734.06,2096.11,2646.9500000000003,3801.764516129032,5339.946333333332,5875.645161290322,6312.9445161290305,9707.381333333331,7982.119354838711,6129.757999999999,1564.5870967741937,1149.4399999999998,1412.6210714285714,661.7612903225806,1078.7323333333334,1620.9503225806452,3755.8186666666675,8038.48064516129,8927.621935483872,10977.962666666666,7417.287096774193,7714.970999999999,2629.3741935483868
55,Stauffer Hall of Science,SHS,10850.0,11760.0,16120.0,18600.0,28324.812583869487,26854.027953836845,33185.327838887846,39024.134412180116,38661.02954889942,24654.176682424993,17160.0,11200.0,10500.0,12180.0,11600.0,19220.0,26554.511797377643,26854.027953836845,35397.68302814704,36506.44832107172,38661.02954889942,26297.788461253327,15600.0,11900.0,10500.0,13440.0,11600.0,17980.0,26554.511797377643,28706.02988168766,33185.327838887846,36506.44832107172,41238.43151882605,24654.176682424993,28900.0,22350.0,21600.0,15950.0,17255.0,17980.0,25669.361404131723,29632.03084561307,33185.327838887846,36506.44832107172,41238.43151882605,24654.176682424993,28050.0,22350.0
56,John Stauffer Lecture Hall,SLH,2325.0,1652.0,1891.0,1860.0,1728.0,1102.0,3360.0,163823.23,2640.0,2100.0,3234.0,2176.0,2250.0,1711.0,1769.0,1922.0,1620.0,1102.0,3584.0,3045.0,2640.0,2240.0,2940.0,2312.0,2250.0,1888.0,1769.0,1798.0,1620.0,1178.0,3360.0,2842.0,2816.0,2100.0,2108.0,1650.0,1440.0,1160.0,1450.0,0.0,1566.0,1216.0,3360.0,2842.0,2816.0,2100.0,2046.0,1650.0
57,Seaver Science Center,SSC,93837.0,9072.0,80135.0,90000.0,104032.0,108228.0,182190.0,163823.23,152270.08999999997,150303.29,139897.84999999998,57083.56,39378.65,29899.0,37520.88,93000.0,41110.130000000005,89307.51,89307.51,106650.14,143995.14940429688,120089.78295898438,84284.43981933594,16666.81293533325,17370.740000000005,21703.240000000005,12634.349999999999,24149.470000000005,42546.47419354839,37181.37933333334,55387.374193548385,74324.91387096775,103280.91733333333,70512.98709677419,23866.300000000007,6101.148387096774,5853.894193548386,3188.2392857142854,5796.80064516129,13370.16,16178.482580645155,48789.67466666667,83602.57741935484,80536.42387096776,94747.30666666667,51958.229032258074,57201.364,9249.929032258062
58,Seaver Science Library,SSL,17015.04515151502,20733.690697674363,21968.35451388882,17771.1797202798,20948.66666666656,28072.0,25930.7622,30568.96652777764,26324.86875,23231.262500000103,21340.278837209313,26009.18814814816,16466.172727272602,21474.179651162733,21474.179651162733,18363.552377622458,19639.374999999898,28072.0,27659.47968,28596.77513888876,26324.86875,24780.01333333344,19400.253488372102,27634.762407407423,16466.172727272602,23695.64651162784,21474.179651162733,17178.80706293714,19639.374999999898,30008.0,25930.7622,28596.77513888876,28079.86,23231.262500000103,23834.0,20400.0,19264.0,15660.0,16385.0,17255.0,18984.72916666657,30976.0,25930.7622,28596.77513888876,28079.86,23231.262500000103,23133.0,20400.0
59,Stonier Hall,STO,13127.6378125,9975.337931034483,20713.14172413793,13560.0,14336.0,16501.0,26559.759999999995,34311.67,31863.85,28063.839999999997,14273.02,14836.410000000002,13444.490000000002,10516.17,14774.99,14012.0,17364.520000000004,18226.57,18226.57,30166.800000000007,22881.08120849609,19713.1259765625,16103.870513916014,13684.69814086914,12910.759999999998,14090.979999999998,12315.35,14621.59,16188.329032258065,17259.322333333334,18638.709677419352,16133.354838709678,19469.866666666665,16656.774193548386,19910.4,16441.93548387097,29609.775483870966,12321.38535714286,8514.400000000001,14808.144333333332,14790.636129032257,20059.157333333333,22115.990322580645,20603.377419354838,26081.343999999997,18116.680645161294,22498.266999999993,15928.12258064516
60,Student Union,STU,54677.02500000001,10885.917241379311,10169.774482758623,15060.0,16320.0,16994.0,28540.090000000004,29645.500000000004,22648.84,18252.660000000003,18365.260000000002,10722.179999999998,9331.26,7841.1799999999985,11827.94,15562.0,16325.909999999996,19773.03,19773.03,29183.289999999994,31464.613203125,22340.212799072266,16928.633331298828,13170.509030456542,11716.6,15163.55,8765.159999999998,12021.800000000001,11481.22258064516,15310.094,16056.222580645162,21251.892258064516,25559.818666666666,16956.522580645164,11796.991333333333,7502.719354838709,6967.267096774192,7345.554999999999,8383.28258064516,10762.180333333332,14246.876774193546,22436.928000000004,25135.364516129033,21373.065483870967,24710.16533333333,16692.793548387097,16507.865000000005,7195.393548387095
61,Tutor Campus Center,TCC,24591.302187500005,33618.46068965517,54617.48896551724,55770.0,34432.0,42920.0,63880.620000000024,74441.22,60291.56000000001,111549.16999999997,127942.61,31658.480000000003,35480.590000000004,24126.320000000003,45387.74,57629.0,81668.71,79426.05,79426.05,82239.45999999998,92308.59988281249,67202.35278320312,43168.14501953125,39890.188532714834,50983.439999999995,56709.380000000005,42622.380000000005,53543.05999999999,86415.7064516129,57907.844999999994,57059.651612903224,100643.98548387096,95238.67733333331,42427.93548387098,21082.980666666666,9384.048387096773,16880.867096774196,22599.93821428571,34913.80161290323,24861.21666666666,33617.277096774196,44514.069333333326,60067.66451612902,59413.684516129026,82011.72266666664,56218.18064516128,49176.907999999996,27201.251612903226
62,Town and Gown,TGF,651.0,280.0,930.0,2820.0,3392.0,3335.0,5370.0,6417.0,6240.0,4080.0,1089.0,160.0,630.0,290.0,870.0,2914.0,3180.0,3335.0,5728.0,6003.0,6240.0,4352.0,990.0,170.0,630.0,320.0,870.0,2726.0,3180.0,3565.0,5370.0,6003.0,6656.0,4080.0,4114.0,3570.0,3136.0,2581.0,2668.0,2755.0,3074.0,3680.0,5370.0,6003.0,6656.0,4080.0,3993.0,3570.0
63,Vivian Hall of Engineering,VHE,18148.9403125,16931.387586206893,52376.85172413792,43530.0,29836.979999999996,13021.0,9324.810000000003,16659.960000000006,36242.37,25701.06,62111.29000000001,53372.56000000001,23467.18,41924.030000000035,56276.82,44981.0,61353.05,57684.71,57684.71,55857.46,51236.60177001953,43043.64354003907,42523.12,32497.099999999984,22742.89,50501.97999999999,37700.27,37083.149999999994,58472.883870967744,57794.405666666666,58874.874193548385,52178.7364516129,58335.70133333334,36578.55483870968,34417.293333333335,21708.41612903226,24601.496774193554,27334.167500000003,23820.815161290324,28475.544666666672,32295.026774193546,42493.54666666666,34714.02580645161,31185.2435483871,35168.52266666667,32692.46129032258,36657.973000000005,19028.699999999997
64,VPD,VPD,34696.5659375,9924.020689655174,15781.330344827587,20730.0,18764.420000000002,32828.0,56429.86000000001,60827.44000000002,52457.869999999995,42549.82999999999,27910.339999999997,18103.039999999997,19644.98,12610.07,19201.11,21421.0,22001.65,33642.21000000001,33642.21000000001,50797.39000000001,59427.02895996094,46662.04315185547,35227.47619628906,21024.903189697266,18287.39,22754.940000000002,14494.169999999998,22740.03,19408.925806451614,25928.947666666663,25264.770967741933,43928.93806451613,44601.408,23319.44516129032,13737.64333333333,5404.296774193548,4059.9638709677424,4222.690000000001,4189.330645161291,4598.655666666667,13899.400645161291,28861.930666666667,39627.25161290323,36066.99129032258,42775.242666666665,25201.75161290322,20322.896,9047.893548387096
65,Watt Hall of Architecture,WAH,18148.9403125,23228.742068965516,12388.337586206897,27060.0,29089.32,36250.0,52186.05999999999,55197.89000000001,49108.94,40969.490000000005,39623.119999999995,27216.77,15546.099999999999,13436.119999999999,18955.550000000003,27962.0,23564.98,32296.019999999997,32296.02,42871.93000000001,55664.630278320314,42975.40515136719,30753.769470214844,25465.931228027348,24012.88,30324.139999999992,20044.890000000003,12414.739999999998,16834.68387096774,27568.58933333333,31630.945161290325,35692.74161290323,39459.48799999999,27816.91935483871,22466.44066666667,14722.954838709678,12947.932903225807,3063.870714285714,1682.0187096774193,5543.823666666668,4028.4835483870975,11932.501333333335,21189.7064516129,25952.043870967736,33658.33600000001,7026.222580645163,6228.442000000001,198.76451612903224
66,Science Hall,ZHS,34696.5659375,15127.077241379313,33237.13103448275,34800.0,20880.58,55941.0,121919.03,43046.700000000004,44284.97,29709.15,23880.71,14324.299999999997,22668.730000000007,16929.67,23054.010000000002,35960.0,27281.46,29124.1,29124.1,38040.95,90740.74255859376,102458.96337890625,69221.7060546875,55257.06680664061,44073.499999999985,48707.570000000014,39510.600000000006,49384.25,65767.87741935483,69694.22066666666,80548.37419354838,101996.67645161289,110092.832,94017.0387096774,66903.21666666666,45691.75161290322,52516.263225806455,45290.89500000001,42105.47419354839,51426.43466666665,58594.93967741935,79695.95733333334,83643.94838709677,81479.82193548388,104125.888,74456.2064516129,83077.137,41428.34516129033
67,Michelson Center for Convergent Bioscience,MCB,0.0,0.0,0.0,0.0,99366.0,184966.0,295051.0,336420.0,242094.0,199042.0,164168.22,93766.0,85908.0,57688.0,92470.0,129682.99999999999,117933.0,175957.0,175957.0,235764.0,272135.12,185634.0,133087.0,96166.0,83629.0,102699.0,81876.0,122225.00000000001,170742.58064516127,199702.0,221436.7741935484,255859.51612903227,272696.55466666666,231982.25806451612,143145.6666666667,101228.70967741936,117832.25806451614,132685.35714285716,102315.69516129032,110553.84833333334,170188.83870967742,270305.0773333333,265493.2258064516,229110.29032258064,258343.46666666667,169309.3548387097,216016.9,80703.87096774194
68,Corwin D. Denney Research Center,DRB,0.0,0.0,0.0,0.0,73849.92,89235.31999999999,131545.16999999998,155007.905,184624.8,180009.18,132731.37043682035,73603.7536,69204.29847,10858.0,10925.0,11520.0,10716.0,14971.999999999998,14972.0,32265.999999999996,39917.0,28525.0,20698.0,12205.0,8728.0,11500.99,7401.0,12316.0,15361.93548387097,16363.866666666667,17921.612903225807,23238.354838709678,25555.2,19598.709677419352,10627.266666666666,5172.58064516129,8102.193548387097,6899.928571428571,5060.088387096774,9138.866666666667,11266.967741935483,19533.866666666665,23356.451612903224,25131.774193548386,27885.866666666665,17430.0,9537.0,4506.774193548387
69,,,,,,,,,,,,,,,,,,,,,,,,,,,,,,,,,,,,,,,,,,,,,,,,,,
70,,,1209764.0740349558,978023.99023802,1214522.8759967152,1457790.503858211,1578224.3998771661,1996134.1165931833,3117953.2251562197,3582018.4913680027,3027315.7666867967,2673498.186740903,2288684.1792740296,1518597.4617481478,1540558.3811972728,1277791.3284608065,1508316.4697480006,1647586.5206534849,1752290.1098848437,2125584.706593183,2168312.821499968,2821403.297247487,3229113.3207853073,2480019.8092945293,1816158.9974854263,1352311.204460821,1276449.592727272,1532291.0545084754,1114940.309748,1348550.777062937,1836630.4985099093,2065992.7724776953,2280095.9550716085,2672126.3086065557,3101125.6442036214,2314488.31568855,1809159.7480546443,1256986.3308831302,1345303.0709677415,1259012.4919239632,1055830.9117204302,1215724.4763333334,,,,,,,,
